{"420": 12.201563992782772, "421": 12.386032923874671}